Informazioni cronologiche;Indirizzo email;Full name: First name, middle name and surname;If your social name is different from your full name, use this space to write your preferred name.;Date of birth;Time zone;Link from other social networks social media platforms (Instagram, Facebook etc.);WhatsApp Phone Number (with DDD);Gender;Location (State, Country);Location (State, Country).1;Is your proficiency B2 or higher?;Race / Color;What is your religion?;How did you find out about the International Polyglot Youth project?;International Polyglot Youth believes in the transformative power of knowledge of foreign cultures and languages. Tell us, in up to 150 words, about a situation in which you realized the importance of foreign languages in your trajectory.;In the IPY project, we value cultural differences and teamwork, as we believe they connect us and help us create a more egalitarian and respectful world. In this way, describe in up to 100 words a time when you did not lead a team work well and what you learned from it.;We want to democratize language learning for free and empower multilingual young people to use languages ​​as a mechanism for connecting different cultures and thus changing the world. How committed are you to this project? What do you expect from the International Polyglot Youth Project? Describe in up to 150 words.;What language do you plan to teach? Select only the languages you want to teach and leave the others as blank answers [Brazilian Portuguese];What language do you plan to teach? Select only the languages you want to teach and leave the others as blank answers [Deutsch];What language do you plan to teach? Select only the languages you want to teach and leave the others as blank answers [English];What language do you plan to teach? Select only the languages you want to teach and leave the others as blank answers [French];What language do you plan to teach? Select only the languages you want to teach and leave the others as blank answers [German];What language do you plan to teach? Select only the languages you want to teach and leave the others as blank answers [Hungarian];What language do you plan to teach? Select only the languages you want to teach and leave the others as blank answers [Italian];What language do you plan to teach? Select only the languages you want to teach and leave the others as blank answers [Korean];What language do you plan to teach? Select only the languages you want to teach and leave the others as blank answers [Modern Standard Arabic];What language do you plan to teach? Select only the languages you want to teach and leave the others as blank answers [Spanish];What language do you plan to teach? Select only the languages you want to teach and leave the others as blank answers [Russian];Is there any other language that you would like to teach? If so, write it please;Do you have any experience in teaching?;If you do, tell us more about it.;How did you learn the language you intend to teach?;If you have a certificate in the language(s) you plan to teach, please attach it below. Certificates such as IELTS, TOEFL, TOPIK, DELE etc.;List ALL the days and times you would have available to teach. [06:00];List ALL the days and times you would have available to teach. [06:30];List ALL the days and times you would have available to teach. [07:00];List ALL the days and times you would have available to teach. [07:30];List ALL the days and times you would have available to teach. [08:00];List ALL the days and times you would have available to teach. [08:30];List ALL the days and times you would have available to teach. [09:00];List ALL the days and times you would have available to teach. [09:30];List ALL the days and times you would have available to teach. [10:00];List ALL the days and times you would have available to teach. [10:30];List ALL the days and times you would have available to teach. [11:00];List ALL the days and times you would have available to teach. [11:30];List ALL the days and times you would have available to teach. [12:00];List ALL the days and times you would have available to teach. [12:30];List ALL the days and times you would have available to teach. [13:00];List ALL the days and times you would have available to teach. [13:30];List ALL the days and times you would have available to teach. [14:00];List ALL the days and times you would have available to teach. [14:30];List ALL the days and times you would have available to teach. [15:00];List ALL the days and times you would have available to teach. [15:30];List ALL the days and times you would have available to teach. [16:00];List ALL the days and times you would have available to teach. [16:30];List ALL the days and times you would have available to teach. [17:00];List ALL the days and times you would have available to teach. [17:30];List ALL the days and times you would have available to teach. [18:00];List ALL the days and times you would have available to teach. [18:30];List ALL the days and times you would have available to teach. [19:00];List ALL the days and times you would have available to teach. [19:30];List ALL the days and times you would have available to teach. [20:00];List ALL the days and times you would have available to teach. [20:30];List ALL the days and times you would have available to teach. [21:00];List ALL the days and times you would have available to teach. [21:30];List ALL the days and times you would have available to teach. [22:00];I have a computer, laptop, phone and/or tablet with stable internet access.;Is there anything more you have to tell us?;Do you agree with the terms and conditions set out in the notice and commit yourself to teaching weekly classes?
26/10/2021 1.24.13;2003andrepq@gmail.com;André Paredes;;06/12/2003;GMT -5;https://www.instagram.com/andreparedes06/;51952601920;Male;Arequipa, Peru;Arequipa, Peru;Yes;Brown;Catholic Christianity;International Polyglot Youth's Instagram;[Some text];[Some text];[Some text];;;Language certificate;;;;Language certificate;;;Native Speaker;;[Some text];No;[Some text];[Some text];https://drive.google.com/open?id=1saZl0IlfRens0tl3nKkjUxenU-e2fXes;;;;;Saturday, Sunday;Saturday, Sunday;Saturday, Sunday;Saturday, Sunday;Saturday, Sunday;Saturday, Sunday;Saturday, Sunday;Saturday, Sunday;;;;;Saturday, Sunday;Saturday, Sunday;Saturday, Sunday;Saturday, Sunday;Saturday, Sunday;Saturday, Sunday;Saturday, Sunday;Saturday, Sunday;Saturday, Sunday;Saturday, Sunday;Saturday, Sunday;Saturday, Sunday;;;;;;Yes, I do.;[Some text];Yes, I have read the eligibility criteria and am eligible to participate. I certify that all information written here is true. I certify that I have read and agree to the terms of responsibility set out in the notice and that I wish to submit my application.
01/01/2022;mentee1@mail.com;mentor1;tor;26/02/2004;GMT +5:30;https://www.instagram.com/andreparedes06/;6525561711;Female;Somewhere, Else;Not, Important;Yes;bot;ohn McCarthy;Instagram;[Some text];[Some text];[Some text];Language certificate;;;Self learning;Self learning;;Language certificate;Language certificate;Language certificate;Language certificate;Self learning;[Some text];Yes;[Some text];[Some text];[Some link];;Tuesday;;Thursday, Friday;;;;;;;Sunday;;;;;Wednesday;;;;Wednesday;Sunday;;;;;;;;;;;;Sunday;Yes, I do;[Some text];Yes
01/01/2022;mentee2@mail.com;mentor2;tor;15/02/2010;GMT -2;https://www.instagram.com/andreparedes06/;5247916151;Female;Somewhere, Else;Not, Important;Yes;bot;ohn McCarthy;Instagram;[Some text];[Some text];[Some text];;Self learning;Native Speaker;;;;;Self learning;;;Language certificate;[Some text];Yes;[Some text];[Some text];[Some link];;;Monday;;Saturday;;;;;;;;;;;;;;;;;;;;;;;;;;;;;Yes, I do;[Some text];Yes
01/01/2022;mentee3@mail.com;mentor3;tor;07/09/2001;GMT +5;https://www.instagram.com/andreparedes06/;3800846971;Female;Somewhere, Else;Not, Important;No;bot;ohn McCarthy;Instagram;[Some text];[Some text];[Some text];;Language certificate;;Self learning;Language certificate;Language certificate;Language certificate;;;Language certificate;;[Some text];No;[Some text];[Some text];[Some link];;;;;;;;;;;;;;;;;;;;Tuesday;;;;Monday;;Monday;Friday;;;Sunday;;;;Yes, I do;[Some text];Yes
01/01/2022;mentee4@mail.com;mentor4;tor;19/05/1997;GMT +7;https://www.instagram.com/andreparedes06/;8895469227;Female;Somewhere, Else;Not, Important;Yes;bot;ohn McCarthy;Instagram;[Some text];[Some text];[Some text];Language certificate;Language certificate;;;Native Speaker;;;Self learning;Language certificate;Language certificate;Language certificate;[Some text];Yes;[Some text];[Some text];[Some link];;;;;;;;Sunday;;;;;;Tuesday;;Friday;;Friday;Sunday;;;;;Thursday;;;;;;;;;;Yes, I do;[Some text];Yes
01/01/2022;mentee5@mail.com;mentor5;tor;28/07/2008;GMT -1;https://www.instagram.com/andreparedes06/;5737339078;Female;Somewhere, Else;Not, Important;Yes;bot;ohn McCarthy;Instagram;[Some text];[Some text];[Some text];Native Speaker;Language certificate;;;;;Language certificate;Language certificate;Language certificate;Language certificate;;[Some text];No;[Some text];[Some text];[Some link];Friday;;;;;;Saturday;;Friday;;;;;;;;;;;Thursday;;;;;;;;;;;;Sunday;;Yes, I do;[Some text];Yes
01/01/2022;mentee6@mail.com;mentor6;tor;22/11/1998;GMT +8:45;https://www.instagram.com/andreparedes06/;8036692036;Female;Somewhere, Else;Not, Important;Yes;bot;ohn McCarthy;Instagram;[Some text];[Some text];[Some text];;Self learning;;;Language certificate;;Native Speaker;;;Self learning;;[Some text];Yes;[Some text];[Some text];[Some link];;;;;;;;;;;;;Tuesday;;;Tuesday;;;;;;Wednesday;;;;;;;;;;;Wednesday;Yes, I do;[Some text];Yes
01/01/2022;mentee7@mail.com;mentor7;tor;01/01/1996;GMT +10:30;https://www.instagram.com/andreparedes06/;1136610735;Female;Somewhere, Else;Not, Important;Yes;bot;ohn McCarthy;Instagram;[Some text];[Some text];[Some text];Language certificate;Native Speaker;Native Speaker;Native Speaker;;;Language certificate;Language certificate;Language certificate;Self learning;Language certificate;[Some text];Yes;[Some text];[Some text];[Some link];;;;;;;;Monday, Friday;;;;;;;;Friday;;;;;;;;;;Sunday;;;;;;;;Yes, I do;[Some text];Yes
01/01/2022;mentee8@mail.com;mentor8;tor;22/03/1995;GMT +0;https://www.instagram.com/andreparedes06/;5230926966;Female;Somewhere, Else;Not, Important;Yes;bot;ohn McCarthy;Instagram;[Some text];[Some text];[Some text];Self learning;Native Speaker;;;Language certificate;;Language certificate;Self learning;Language certificate;;Language certificate;[Some text];Yes;[Some text];[Some text];[Some link];;;;;;;;Thursday;;;;Friday;;;Sunday;Wednesday;;Monday, Thursday;;;;;;;;;Thursday;Saturday;;;;;;Yes, I do;[Some text];Yes
01/01/2022;mentee9@mail.com;mentor9;tor;12/06/1996;GMT +2;https://www.instagram.com/andreparedes06/;4886864518;Female;Somewhere, Else;Not, Important;Yes;bot;ohn McCarthy;Instagram;[Some text];[Some text];[Some text];Self learning;;;;;Language certificate;Language certificate;Language certificate;Native Speaker;Native Speaker;;[Some text];Yes;[Some text];[Some text];[Some link];Thursday;;;;;Sunday;;;;;;;;;;;;;Friday, Saturday;;;;Saturday;;Friday;;;;Wednesday;;;;Tuesday;Yes, I do;[Some text];Yes
01/01/2022;mentee10@mail.com;mentor10;tor;08/01/2009;GMT +6;https://www.instagram.com/andreparedes06/;9860362830;Female;Somewhere, Else;Not, Important;Yes;bot;ohn McCarthy;Instagram;[Some text];[Some text];[Some text];;;Language certificate;Self learning;Language certificate;Language certificate;;Language certificate;Language certificate;Language certificate;Language certificate;[Some text];Yes;[Some text];[Some text];[Some link];;;Saturday;Saturday;;;;;;;;Thursday;;;Saturday;Monday;Wednesday;Saturday;;;;;;;;;;;;;;;Sunday;Yes, I do;[Some text];Yes
01/01/2022;mentee11@mail.com;mentor11;tor;09/12/2009;GMT +5:45;https://www.instagram.com/andreparedes06/;2470858181;Female;Somewhere, Else;Not, Important;Yes;bot;ohn McCarthy;Instagram;[Some text];[Some text];[Some text];Self learning;;;Native Speaker;Language certificate;Language certificate;Language certificate;Language certificate;Self learning;;Self learning;[Some text];Yes;[Some text];[Some text];[Some link];;;Wednesday;;;;;;;Thursday;;Monday;;Wednesday;;;;;;;;;;Monday, Friday;;;;;;;;;;Yes, I do;[Some text];Yes
01/01/2022;mentee12@mail.com;mentor12;tor;26/05/2008;GMT -8;https://www.instagram.com/andreparedes06/;3639998653;Female;Somewhere, Else;Not, Important;Yes;bot;ohn McCarthy;Instagram;[Some text];[Some text];[Some text];;Language certificate;Native Speaker;Self learning;Language certificate;Native Speaker;Language certificate;Language certificate;Self learning;Self learning;Native Speaker;[Some text];No;[Some text];[Some text];[Some link];;Friday;;;;;;;;;;;;;;;;;;;;;Sunday;;;;;;;;Tuesday;;;Yes, I do;[Some text];Yes
01/01/2022;mentee13@mail.com;mentor13;tor;18/04/2000;GMT +3:30;https://www.instagram.com/andreparedes06/;8530360141;Female;Somewhere, Else;Not, Important;Yes;bot;ohn McCarthy;Instagram;[Some text];[Some text];[Some text];Language certificate;Language certificate;Language certificate;Native Speaker;Language certificate;Language certificate;Language certificate;;;Native Speaker;;[Some text];No;[Some text];[Some text];[Some link];;;;;;;;;;;;;;;Saturday;Sunday;;;;;;;;;;;;;Monday;;;;;Yes, I do;[Some text];Yes
01/01/2022;mentee14@mail.com;mentor14;tor;03/12/1999;GMT +5;https://www.instagram.com/andreparedes06/;1441562292;Male;Somewhere, Else;Not, Important;No;bot;ohn McCarthy;Instagram;[Some text];[Some text];[Some text];Language certificate;Language certificate;Native Speaker;Language certificate;Language certificate;;;;;;Native Speaker;[Some text];Yes;[Some text];[Some text];[Some link];;;;;;;;;;;Saturday;;;;;;;;;;;;;;;;;;;;;;Monday;Yes, I do;[Some text];Yes
01/01/2022;mentee15@mail.com;mentor15;tor;08/06/2001;GMT +10;https://www.instagram.com/andreparedes06/;7093659404;Female;Somewhere, Else;Not, Important;Yes;bot;ohn McCarthy;Instagram;[Some text];[Some text];[Some text];Language certificate;;Language certificate;Self learning;Native Speaker;;Native Speaker;Language certificate;Language certificate;Native Speaker;;[Some text];No;[Some text];[Some text];[Some link];;;;;;;;;;;;;;;;;;;;;;;;;;;;;;Monday;Saturday;Monday;;Yes, I do;[Some text];Yes
01/01/2022;mentee16@mail.com;mentor16;tor;21/07/2009;GMT +2;https://www.instagram.com/andreparedes06/;2513721696;Female;Somewhere, Else;Not, Important;No;bot;ohn McCarthy;Instagram;[Some text];[Some text];[Some text];;Self learning;Native Speaker;Native Speaker;;Self learning;Native Speaker;;;Language certificate;;[Some text];No;[Some text];[Some text];[Some link];;Thursday;;;;;;;Sunday;;;Wednesday;Wednesday;;;;;;;;Sunday;;Saturday;;;;Friday;;;;;;;Yes, I do;[Some text];Yes
01/01/2022;mentee17@mail.com;mentor17;tor;21/04/2009;GMT +5;https://www.instagram.com/andreparedes06/;4956741774;Prefer not to say;Somewhere, Else;Not, Important;No;bot;ohn McCarthy;Instagram;[Some text];[Some text];[Some text];Language certificate;Self learning;Language certificate;Native Speaker;;Language certificate;Self learning;;Language certificate;Language certificate;Native Speaker;[Some text];Yes;[Some text];[Some text];[Some link];;;;;;;;;;;;;;;;;;;;;;;;;Monday;;Tuesday;;;;;;;Yes, I do;[Some text];Yes
01/01/2022;mentee18@mail.com;mentor18;tor;07/06/2009;GMT +5:30;https://www.instagram.com/andreparedes06/;4649926454;Female;Somewhere, Else;Not, Important;Yes;bot;ohn McCarthy;Instagram;[Some text];[Some text];[Some text];;;Native Speaker;Language certificate;Language certificate;Language certificate;Native Speaker;;Language certificate;;Self learning;[Some text];Yes;[Some text];[Some text];[Some link];;;;;;;;;;;;;;;;;;Wednesday;;;;;;;;;;;;Sunday;;;;Yes, I do;[Some text];Yes
01/01/2022;mentee19@mail.com;mentor19;tor;29/12/2006;GMT +5:30;https://www.instagram.com/andreparedes06/;5546766019;Female;Somewhere, Else;Not, Important;Yes;bot;ohn McCarthy;Instagram;[Some text];[Some text];[Some text];;;Self learning;;;;;Self learning;Language certificate;Self learning;Native Speaker;[Some text];Yes;[Some text];[Some text];[Some link];Sunday;;;;Saturday;;;;Monday;;;;;;;;;;;;;;;Saturday;;;;;Saturday;;;Friday, Sunday;;Yes, I do;[Some text];Yes
01/01/2022;mentee20@mail.com;mentor20;tor;23/01/1998;GMT +9;https://www.instagram.com/andreparedes06/;7150911931;Male;Somewhere, Else;Not, Important;Yes;bot;ohn McCarthy;Instagram;[Some text];[Some text];[Some text];Language certificate;;Native Speaker;;;Native Speaker;Self learning;;Native Speaker;Language certificate;Language certificate;[Some text];Yes;[Some text];[Some text];[Some link];Wednesday;;;;;Saturday;;;;;;Monday, Wednesday;;;;;;;;;;;;;;;;Wednesday;;;;;;Yes, I do;[Some text];Yes
01/01/2022;mentee21@mail.com;mentor21;tor;12/04/2007;GMT -11;https://www.instagram.com/andreparedes06/;8986937896;[Other];Somewhere, Else;Not, Important;Yes;bot;ohn McCarthy;Instagram;[Some text];[Some text];[Some text];Language certificate;;Language certificate;;Language certificate;Language certificate;Native Speaker;Language certificate;Native Speaker;Language certificate;Language certificate;[Some text];No;[Some text];[Some text];[Some link];Sunday;;;;;;;;;;;;;;;;;;;;;;;;;;;Friday;;;;;;Yes, I do;[Some text];Yes
01/01/2022;mentee22@mail.com;mentor22;tor;20/05/1998;GMT +8:45;https://www.instagram.com/andreparedes06/;8770178262;Male;Somewhere, Else;Not, Important;Yes;bot;ohn McCarthy;Instagram;[Some text];[Some text];[Some text];Self learning;;Language certificate;;;;;Language certificate;Self learning;;;[Some text];No;[Some text];[Some text];[Some link];;;Monday;;;;;;;;;;;;Tuesday;;;;;;;;Friday;;;;;;Thursday;;;;;Yes, I do;[Some text];Yes
01/01/2022;mentee23@mail.com;mentor23;tor;09/11/2009;GMT -3;https://www.instagram.com/andreparedes06/;8511504713;[Other];Somewhere, Else;Not, Important;Yes;bot;ohn McCarthy;Instagram;[Some text];[Some text];[Some text];;Language certificate;;Language certificate;Native Speaker;Language certificate;Language certificate;Self learning;;;Self learning;[Some text];Yes;[Some text];[Some text];[Some link];;;;;;;;;;;;Saturday;;;;;;;;;;;;;;;;;;;;;;Yes, I do;[Some text];Yes
01/01/2022;mentee24@mail.com;mentor24;tor;11/11/2004;GMT -3;https://www.instagram.com/andreparedes06/;7195821743;Female;Somewhere, Else;Not, Important;Yes;bot;ohn McCarthy;Instagram;[Some text];[Some text];[Some text];Language certificate;;;;;Language certificate;;Self learning;Self learning;;;[Some text];No;[Some text];[Some text];[Some link];;;;;;;;;;;;;;;Wednesday;;;;;;;;;Tuesday, Sunday;;Wednesday;;;;;;;;Yes, I do;[Some text];Yes
01/01/2022;mentee25@mail.com;mentor25;tor;26/02/2007;GMT +6;https://www.instagram.com/andreparedes06/;5563113613;Non-binary;Somewhere, Else;Not, Important;Yes;bot;ohn McCarthy;Instagram;[Some text];[Some text];[Some text];;;;Language certificate;;Native Speaker;;Language certificate;Language certificate;;Native Speaker;[Some text];No;[Some text];[Some text];[Some link];;Monday;;;;;;;;;;;;;;;;;;Monday;;;;;;Saturday;Thursday;;;Tuesday;;;;Yes, I do;[Some text];Yes
01/01/2022;mentee26@mail.com;mentor26;tor;11/09/2006;GMT +4;https://www.instagram.com/andreparedes06/;1837480519;Male;Somewhere, Else;Not, Important;No;bot;ohn McCarthy;Instagram;[Some text];[Some text];[Some text];Language certificate;Language certificate;Native Speaker;Native Speaker;;Language certificate;Language certificate;Native Speaker;;;Language certificate;[Some text];Yes;[Some text];[Some text];[Some link];;;;Sunday;;Monday;;Wednesday;;;;;;Monday;;Thursday;;;;;;;;;;Thursday;;;;;;;;Yes, I do;[Some text];Yes
01/01/2022;mentee27@mail.com;mentor27;tor;27/08/1999;GMT +0;https://www.instagram.com/andreparedes06/;1661428925;Female;Somewhere, Else;Not, Important;Yes;bot;ohn McCarthy;Instagram;[Some text];[Some text];[Some text];;;Language certificate;Language certificate;;Language certificate;;Language certificate;;;;[Some text];Yes;[Some text];[Some text];[Some link];;Saturday;;Thursday;;Monday, Sunday;;;;;;;;;;;;;;;;;;Sunday;;;;;;;;;;Yes, I do;[Some text];Yes
01/01/2022;mentee28@mail.com;mentor28;tor;04/09/1995;GMT -10;https://www.instagram.com/andreparedes06/;8777198023;Male;Somewhere, Else;Not, Important;Yes;bot;ohn McCarthy;Instagram;[Some text];[Some text];[Some text];Native Speaker;Self learning;;;Native Speaker;Language certificate;Language certificate;Self learning;Language certificate;;;[Some text];Yes;[Some text];[Some text];[Some link];Thursday;;Saturday;;;;Tuesday;;;;;;;;;;;;Tuesday;;;;;;;;;;;Saturday;;;;Yes, I do;[Some text];Yes
01/01/2022;mentee29@mail.com;mentor29;tor;20/05/2001;GMT +2;https://www.instagram.com/andreparedes06/;9327403945;Male;Somewhere, Else;Not, Important;Yes;bot;ohn McCarthy;Instagram;[Some text];[Some text];[Some text];Native Speaker;;Language certificate;Language certificate;Native Speaker;Self learning;Language certificate;Language certificate;Self learning;Language certificate;Native Speaker;[Some text];No;[Some text];[Some text];[Some link];;;;;;;;;;;;;;;;;;Sunday;;;Friday;;;;;;;;;;;;;Yes, I do;[Some text];Yes
01/01/2022;mentee30@mail.com;mentor30;tor;23/11/2011;GMT +12;https://www.instagram.com/andreparedes06/;1721892180;Male;Somewhere, Else;Not, Important;Yes;bot;ohn McCarthy;Instagram;[Some text];[Some text];[Some text];Native Speaker;Language certificate;;Language certificate;Language certificate;;Language certificate;Language certificate;;;Self learning;[Some text];No;[Some text];[Some text];[Some link];;;;;;;;;Wednesday;;;;;;;;;;;;;;;Monday;;;;;;;;;;Yes, I do;[Some text];Yes
01/01/2022;mentee31@mail.com;mentor31;tor;26/02/2011;GMT +1;https://www.instagram.com/andreparedes06/;9127798125;Female;Somewhere, Else;Not, Important;Yes;bot;ohn McCarthy;Instagram;[Some text];[Some text];[Some text];;Language certificate;Native Speaker;;Self learning;;Self learning;Language certificate;Native Speaker;;;[Some text];Yes;[Some text];[Some text];[Some link];;;;;;;;;;Sunday;;;;;;;;;;;Wednesday;;;;;;;;;;;;;Yes, I do;[Some text];Yes
01/01/2022;mentee32@mail.com;mentor32;tor;09/02/2002;GMT -2;https://www.instagram.com/andreparedes06/;4402543600;Prefer not to say;Somewhere, Else;Not, Important;Yes;bot;ohn McCarthy;Instagram;[Some text];[Some text];[Some text];;Self learning;;;Language certificate;;Language certificate;Self learning;Language certificate;Language certificate;Language certificate;[Some text];Yes;[Some text];[Some text];[Some link];;;;;;;;;;;Friday;Saturday;;;;;;;;;Thursday;;;;;;;;;;;;;Yes, I do;[Some text];Yes
01/01/2022;mentee33@mail.com;mentor33;tor;24/06/2004;GMT +12;https://www.instagram.com/andreparedes06/;2395053897;Non-binary;Somewhere, Else;Not, Important;Yes;bot;ohn McCarthy;Instagram;[Some text];[Some text];[Some text];Language certificate;;;;;Language certificate;;Native Speaker;;Language certificate;;[Some text];Yes;[Some text];[Some text];[Some link];;Sunday;;;;;;Monday;;Monday;;;;;;;;;;;;;;;;;;;;;;Saturday;;Yes, I do;[Some text];Yes
01/01/2022;mentee34@mail.com;mentor34;tor;04/02/2009;GMT -2;https://www.instagram.com/andreparedes06/;2572628799;Female;Somewhere, Else;Not, Important;Yes;bot;ohn McCarthy;Instagram;[Some text];[Some text];[Some text];Language certificate;Native Speaker;;Language certificate;Native Speaker;;Language certificate;Language certificate;Self learning;;;[Some text];No;[Some text];[Some text];[Some link];;;;;Thursday;;Monday;;;;;Tuesday;;;;;;;Saturday, Sunday;;;;;;;;;;Friday;;;Monday;;Yes, I do;[Some text];Yes
01/01/2022;mentee35@mail.com;mentor35;tor;08/06/2001;GMT -8;https://www.instagram.com/andreparedes06/;1948052725;Female;Somewhere, Else;Not, Important;Yes;bot;ohn McCarthy;Instagram;[Some text];[Some text];[Some text];;;Language certificate;;;Language certificate;Native Speaker;;Language certificate;;Language certificate;[Some text];No;[Some text];[Some text];[Some link];Friday;;;Monday;;Wednesday;;;;;;;;;;;;;;;;;Tuesday;;;;;;;;;Sunday;;Yes, I do;[Some text];Yes
01/01/2022;mentee36@mail.com;mentor36;tor;12/06/2011;GMT -1;https://www.instagram.com/andreparedes06/;8809862328;Female;Somewhere, Else;Not, Important;Yes;bot;ohn McCarthy;Instagram;[Some text];[Some text];[Some text];Language certificate;Language certificate;Self learning;;Language certificate;;Language certificate;;Self learning;Language certificate;Language certificate;[Some text];No;[Some text];[Some text];[Some link];;Thursday;;Friday;;;;;;;;;;;;;;;;;;;;;Tuesday;;;;;;;;;Yes, I do;[Some text];Yes
01/01/2022;mentee37@mail.com;mentor37;tor;25/01/1997;GMT +13;https://www.instagram.com/andreparedes06/;3872335434;Female;Somewhere, Else;Not, Important;Yes;bot;ohn McCarthy;Instagram;[Some text];[Some text];[Some text];;;Self learning;Language certificate;;;Self learning;;Native Speaker;;;[Some text];No;[Some text];[Some text];[Some link];;Saturday;;;;;;;Saturday;;;;;Sunday;;;;;;;;;Friday;;;;;Wednesday;;;;;;Yes, I do;[Some text];Yes
01/01/2022;mentee38@mail.com;mentor38;tor;06/09/1995;GMT -6;https://www.instagram.com/andreparedes06/;9167407403;Female;Somewhere, Else;Not, Important;Yes;bot;ohn McCarthy;Instagram;[Some text];[Some text];[Some text];;Self learning;Native Speaker;;Language certificate;;Language certificate;;Self learning;Language certificate;Language certificate;[Some text];Yes;[Some text];[Some text];[Some link];;Wednesday;;;Tuesday;;;;;;;;;Tuesday;;Wednesday;;;;;;;;;;Saturday;;;;;;;;Yes, I do;[Some text];Yes
01/01/2022;mentee39@mail.com;mentor39;tor;20/10/2010;GMT -6;https://www.instagram.com/andreparedes06/;5058265732;Male;Somewhere, Else;Not, Important;Yes;bot;ohn McCarthy;Instagram;[Some text];[Some text];[Some text];;Native Speaker;Self learning;Language certificate;Language certificate;;;;Self learning;Language certificate;Language certificate;[Some text];Yes;[Some text];[Some text];[Some link];;;;;Sunday;;;;;;;;Friday;Monday, Sunday;Tuesday;;;;;Thursday;;;;Tuesday;Tuesday;;;;;;;;;Yes, I do;[Some text];Yes
01/01/2022;mentee40@mail.com;mentor40;tor;16/05/2010;GMT -2;https://www.instagram.com/andreparedes06/;2965970178;Female;Somewhere, Else;Not, Important;No;bot;ohn McCarthy;Instagram;[Some text];[Some text];[Some text];;;Language certificate;Language certificate;Native Speaker;Self learning;;;Language certificate;Language certificate;;[Some text];Yes;[Some text];[Some text];[Some link];;;;;;;;;;;;;;;;Friday;;;;;;;;;;;;;;;;;;Yes, I do;[Some text];Yes
01/01/2022;mentee41@mail.com;mentor41;tor;03/01/2005;GMT +11;https://www.instagram.com/andreparedes06/;4342472153;Non-binary;Somewhere, Else;Not, Important;Yes;bot;ohn McCarthy;Instagram;[Some text];[Some text];[Some text];Language certificate;Language certificate;Native Speaker;Self learning;;Self learning;Native Speaker;Language certificate;;;Language certificate;[Some text];No;[Some text];[Some text];[Some link];;;;;;;;;;;;;;;;;;;Friday;;;;;Saturday;Thursday;;;;;Wednesday;;;;Yes, I do;[Some text];Yes
01/01/2022;mentee42@mail.com;mentor42;tor;24/02/1995;GMT +9:30;https://www.instagram.com/andreparedes06/;1359481457;Female;Somewhere, Else;Not, Important;Yes;bot;ohn McCarthy;Instagram;[Some text];[Some text];[Some text];Language certificate;Language certificate;;;Self learning;;;;Language certificate;;Native Speaker;[Some text];No;[Some text];[Some text];[Some link];;;;;Sunday;Saturday;;;;;;;;;;;;;;;;Sunday;;;;;;;;;Saturday;;Tuesday;Yes, I do;[Some text];Yes
01/01/2022;mentee43@mail.com;mentor43;tor;03/06/2011;GMT -8;https://www.instagram.com/andreparedes06/;5428715520;Female;Somewhere, Else;Not, Important;Yes;bot;ohn McCarthy;Instagram;[Some text];[Some text];[Some text];;;;Language certificate;;Language certificate;Native Speaker;Language certificate;Language certificate;;;[Some text];No;[Some text];[Some text];[Some link];;Tuesday;;;Saturday;;;;;;;;;;;;Wednesday;;;;;;Friday, Saturday;;;;;;;;;;;Yes, I do;[Some text];Yes
01/01/2022;mentee44@mail.com;mentor44;tor;09/10/2001;GMT +7;https://www.instagram.com/andreparedes06/;7261577489;Female;Somewhere, Else;Not, Important;Yes;bot;ohn McCarthy;Instagram;[Some text];[Some text];[Some text];;Self learning;Language certificate;;Language certificate;Self learning;Self learning;Language certificate;Language certificate;;Language certificate;[Some text];No;[Some text];[Some text];[Some link];;;;Monday;;Sunday;;Thursday;;;;;Friday;Tuesday;;;;;;;;;;;;;;;;;;Sunday;;Yes, I do;[Some text];Yes
01/01/2022;mentee45@mail.com;mentor45;tor;11/10/1999;GMT -7;https://www.instagram.com/andreparedes06/;4000000048;Prefer not to say;Somewhere, Else;Not, Important;Yes;bot;ohn McCarthy;Instagram;[Some text];[Some text];[Some text];Self learning;;Language certificate;;Language certificate;Language certificate;;Self learning;Self learning;;;[Some text];No;[Some text];[Some text];[Some link];;;;;;;;;;;;;;;;;Sunday;;;;;;;;;Friday;;;;;;;Sunday;Yes, I do;[Some text];Yes
01/01/2022;mentee46@mail.com;mentor46;tor;19/06/2009;GMT -10;https://www.instagram.com/andreparedes06/;8711424878;Male;Somewhere, Else;Not, Important;Yes;bot;ohn McCarthy;Instagram;[Some text];[Some text];[Some text];;Language certificate;;Language certificate;Language certificate;Self learning;Language certificate;;Self learning;Native Speaker;Self learning;[Some text];Yes;[Some text];[Some text];[Some link];;;;;;;;;;;;;;;;;;;;;;;;;;;;;;;;;;Yes, I do;[Some text];Yes
01/01/2022;mentee47@mail.com;mentor47;tor;25/09/2007;GMT -2;https://www.instagram.com/andreparedes06/;7837054943;Female;Somewhere, Else;Not, Important;Yes;bot;ohn McCarthy;Instagram;[Some text];[Some text];[Some text];Language certificate;Native Speaker;Native Speaker;Language certificate;Language certificate;;;Language certificate;;Native Speaker;Language certificate;[Some text];No;[Some text];[Some text];[Some link];;;;;;;Friday;;;;;;;Monday, Sunday;;;;;;;;;;;;Saturday;;;;;;;;Yes, I do;[Some text];Yes
01/01/2022;mentee48@mail.com;mentor48;tor;15/05/2010;GMT +8:45;https://www.instagram.com/andreparedes06/;6807373805;Female;Somewhere, Else;Not, Important;Yes;bot;ohn McCarthy;Instagram;[Some text];[Some text];[Some text];Language certificate;Language certificate;Language certificate;Language certificate;Language certificate;Native Speaker;Language certificate;Native Speaker;;;Language certificate;[Some text];No;[Some text];[Some text];[Some link];;;;;;;;;Wednesday;Monday, Friday;;;;;;;;;;;;;;;;;;;;;;;;Yes, I do;[Some text];Yes
01/01/2022;mentee49@mail.com;mentor49;tor;15/08/2008;GMT +10;https://www.instagram.com/andreparedes06/;7108430365;Female;Somewhere, Else;Not, Important;Yes;bot;ohn McCarthy;Instagram;[Some text];[Some text];[Some text];;;Native Speaker;Language certificate;Self learning;;;Language certificate;Native Speaker;Self learning;Self learning;[Some text];No;[Some text];[Some text];[Some link];;;;;;Friday;;;;;;;;;;;;;Tuesday;;;;;;Monday;Tuesday;;;;;;;Wednesday;Yes, I do;[Some text];Yes
01/01/2022;mentee50@mail.com;mentor50;tor;17/07/2002;GMT +6:30;https://www.instagram.com/andreparedes06/;8421875563;[Other];Somewhere, Else;Not, Important;Yes;bot;ohn McCarthy;Instagram;[Some text];[Some text];[Some text];;Native Speaker;Language certificate;Language certificate;Language certificate;Language certificate;;Language certificate;;Native Speaker;Self learning;[Some text];No;[Some text];[Some text];[Some link];;;;;;Saturday;;;Sunday;;;Thursday;;;Saturday;;;;;;;;Monday;Friday;;;;;;Sunday;;;Tuesday;Yes, I do;[Some text];Yes
01/01/2022;mentee51@mail.com;mentor51;tor;19/11/2004;GMT +11;https://www.instagram.com/andreparedes06/;2096681083;Female;Somewhere, Else;Not, Important;Yes;bot;ohn McCarthy;Instagram;[Some text];[Some text];[Some text];Language certificate;;Language certificate;;Native Speaker;Language certificate;Native Speaker;;Language certificate;;Self learning;[Some text];Yes;[Some text];[Some text];[Some link];;;;;;;Wednesday;;;;;;;;;;;;;;;;;Monday;;;;;;;Wednesday;;;Yes, I do;[Some text];Yes
01/01/2022;mentee52@mail.com;mentor52;tor;07/04/1995;GMT +9;https://www.instagram.com/andreparedes06/;1909210819;Female;Somewhere, Else;Not, Important;Yes;bot;ohn McCarthy;Instagram;[Some text];[Some text];[Some text];Self learning;Language certificate;;Language certificate;;Language certificate;;Language certificate;;Self learning;Self learning;[Some text];No;[Some text];[Some text];[Some link];;;;;;;;;Sunday;;;;;;Tuesday;;;;;;Friday, Saturday;;;;;;;Tuesday;;;;;;Yes, I do;[Some text];Yes
01/01/2022;mentee53@mail.com;mentor53;tor;21/02/2011;GMT -4;https://www.instagram.com/andreparedes06/;6506247728;Female;Somewhere, Else;Not, Important;Yes;bot;ohn McCarthy;Instagram;[Some text];[Some text];[Some text];Language certificate;;Language certificate;;;;;;;Native Speaker;Language certificate;[Some text];No;[Some text];[Some text];[Some link];;;;;;;;;;;;;;Sunday;;;Wednesday;;;;;;;;;;;;Monday;;Wednesday;;;Yes, I do;[Some text];Yes
01/01/2022;mentee54@mail.com;mentor54;tor;22/05/2003;GMT +2;https://www.instagram.com/andreparedes06/;5394126743;Female;Somewhere, Else;Not, Important;Yes;bot;ohn McCarthy;Instagram;[Some text];[Some text];[Some text];Language certificate;;Self learning;Language certificate;Language certificate;;;;Native Speaker;Language certificate;;[Some text];Yes;[Some text];[Some text];[Some link];;;;;;Tuesday, Saturday;;;;;;;;;;;;;;;;;Saturday;;;;;;Thursday;;;;Tuesday;Yes, I do;[Some text];Yes
01/01/2022;mentee55@mail.com;mentor55;tor;06/10/2000;GMT +1;https://www.instagram.com/andreparedes06/;4258542442;Female;Somewhere, Else;Not, Important;Yes;bot;ohn McCarthy;Instagram;[Some text];[Some text];[Some text];;Native Speaker;Language certificate;;Native Speaker;;;;Language certificate;Native Speaker;Self learning;[Some text];No;[Some text];[Some text];[Some link];;;;;;Saturday;;;;;;;;;;;;;;;;;Friday;;;;;;;;;;;Yes, I do;[Some text];Yes
01/01/2022;mentee56@mail.com;mentor56;tor;02/06/2011;GMT -10;https://www.instagram.com/andreparedes06/;4070766623;Male;Somewhere, Else;Not, Important;Yes;bot;ohn McCarthy;Instagram;[Some text];[Some text];[Some text];;Self learning;;Self learning;Native Speaker;Native Speaker;;;Language certificate;;Native Speaker;[Some text];Yes;[Some text];[Some text];[Some link];;;;;;;;;;;;;;;;;;;;;;;Monday;;;;;;;;;;;Yes, I do;[Some text];Yes
01/01/2022;mentee57@mail.com;mentor57;tor;23/05/2005;GMT +3:30;https://www.instagram.com/andreparedes06/;1309490889;Female;Somewhere, Else;Not, Important;Yes;bot;ohn McCarthy;Instagram;[Some text];[Some text];[Some text];;Native Speaker;;;;Language certificate;;Native Speaker;Language certificate;Native Speaker;Language certificate;[Some text];Yes;[Some text];[Some text];[Some link];Friday;Friday;;;;;;;;;;;;;;;;;;;;Saturday;;;;;Sunday;Wednesday;;;;;;Yes, I do;[Some text];Yes
01/01/2022;mentee58@mail.com;mentor58;tor;20/04/1997;GMT +6:30;https://www.instagram.com/andreparedes06/;9429201724;Male;Somewhere, Else;Not, Important;Yes;bot;ohn McCarthy;Instagram;[Some text];[Some text];[Some text];;Language certificate;Self learning;Language certificate;Language certificate;;Language certificate;Language certificate;Language certificate;Self learning;Native Speaker;[Some text];No;[Some text];[Some text];[Some link];Tuesday;;;;;;;Monday;;;;;;;;;Monday;;;Thursday;;;;;;;;;;;;;;Yes, I do;[Some text];Yes
01/01/2022;mentee59@mail.com;mentor59;tor;07/06/2005;GMT -12;https://www.instagram.com/andreparedes06/;1231747284;Female;Somewhere, Else;Not, Important;Yes;bot;ohn McCarthy;Instagram;[Some text];[Some text];[Some text];;Language certificate;Language certificate;Self learning;Language certificate;;;Language certificate;;Language certificate;Language certificate;[Some text];Yes;[Some text];[Some text];[Some link];;;;;;;;;Sunday;Saturday;;;;;;;;;Thursday;;;;;;;;;;;;;Wednesday;;Yes, I do;[Some text];Yes
01/01/2022;mentee60@mail.com;mentor60;tor;19/03/2011;GMT +13;https://www.instagram.com/andreparedes06/;5135072284;Female;Somewhere, Else;Not, Important;Yes;bot;ohn McCarthy;Instagram;[Some text];[Some text];[Some text];Language certificate;Self learning;;;Language certificate;Language certificate;;;Language certificate;;;[Some text];Yes;[Some text];[Some text];[Some link];Tuesday;;Monday;;;;;;;;;;;Thursday;;;;;;;;;;;;;Friday;;;;Saturday;;;Yes, I do;[Some text];Yes
01/01/2022;mentee61@mail.com;mentor61;tor;12/09/2010;GMT -7;https://www.instagram.com/andreparedes06/;8141323582;Female;Somewhere, Else;Not, Important;Yes;bot;ohn McCarthy;Instagram;[Some text];[Some text];[Some text];Language certificate;Native Speaker;Language certificate;Language certificate;Language certificate;Self learning;Language certificate;;;;Self learning;[Some text];No;[Some text];[Some text];[Some link];Friday;;;;;;;;;;;;;;;;;;Wednesday, Thursday;Friday;;;;;;;;;;;;;;Yes, I do;[Some text];Yes
01/01/2022;mentee62@mail.com;mentor62;tor;19/08/2004;GMT +10:30;https://www.instagram.com/andreparedes06/;7625436936;Female;Somewhere, Else;Not, Important;Yes;bot;ohn McCarthy;Instagram;[Some text];[Some text];[Some text];Language certificate;Native Speaker;Language certificate;;Language certificate;Language certificate;Native Speaker;Language certificate;;;;[Some text];Yes;[Some text];[Some text];[Some link];;;;;;;;;;;;;;;;;;;;;;;;Saturday;;;Thursday;Thursday;;Sunday;;;;Yes, I do;[Some text];Yes
01/01/2022;mentee63@mail.com;mentor63;tor;14/06/2004;GMT -10;https://www.instagram.com/andreparedes06/;9890575279;Male;Somewhere, Else;Not, Important;Yes;bot;ohn McCarthy;Instagram;[Some text];[Some text];[Some text];Self learning;;Native Speaker;Language certificate;Language certificate;Language certificate;;;;;Self learning;[Some text];No;[Some text];[Some text];[Some link];;;;;;;Friday;;;;Monday;;;;;;Tuesday;;;Wednesday;;;;;;;;;;;;;;Yes, I do;[Some text];Yes
01/01/2022;mentee64@mail.com;mentor64;tor;07/02/2005;GMT +13:45;https://www.instagram.com/andreparedes06/;8814491511;Prefer not to say;Somewhere, Else;Not, Important;Yes;bot;ohn McCarthy;Instagram;[Some text];[Some text];[Some text];;;Language certificate;;Language certificate;Self learning;Language certificate;Language certificate;Language certificate;Self learning;;[Some text];Yes;[Some text];[Some text];[Some link];;Tuesday;;;;;;;;;;;Wednesday;Sunday;;;;;;;;;;Wednesday;;;;;;;;;;Yes, I do;[Some text];Yes
01/01/2022;mentee65@mail.com;mentor65;tor;02/10/1998;GMT -3;https://www.instagram.com/andreparedes06/;9994794013;Male;Somewhere, Else;Not, Important;Yes;bot;ohn McCarthy;Instagram;[Some text];[Some text];[Some text];Language certificate;Self learning;Language certificate;;;Language certificate;Native Speaker;Native Speaker;Language certificate;Language certificate;Language certificate;[Some text];No;[Some text];[Some text];[Some link];;;;Saturday;;;;;;;;;Monday;;Monday;;;;;;;;;;Wednesday;Sunday;;;;;;;;Yes, I do;[Some text];Yes
01/01/2022;mentee66@mail.com;mentor66;tor;22/09/2006;GMT +8;https://www.instagram.com/andreparedes06/;9915766558;Female;Somewhere, Else;Not, Important;Yes;bot;ohn McCarthy;Instagram;[Some text];[Some text];[Some text];Language certificate;Language certificate;;;;Self learning;Language certificate;Self learning;;;Language certificate;[Some text];No;[Some text];[Some text];[Some link];;;;;;;Friday;;;;;;Monday;;;;;;;;;;;;;;;Monday;;;;;;Yes, I do;[Some text];Yes
01/01/2022;mentee67@mail.com;mentor67;tor;15/09/1995;GMT +5;https://www.instagram.com/andreparedes06/;8851509007;Female;Somewhere, Else;Not, Important;Yes;bot;ohn McCarthy;Instagram;[Some text];[Some text];[Some text];Self learning;Language certificate;Language certificate;;;Language certificate;;;Self learning;;;[Some text];Yes;[Some text];[Some text];[Some link];;;;Tuesday;;;;;;;;;;;;;;Tuesday;Monday;;;;;;;;;;;Wednesday, Saturday;;;;Yes, I do;[Some text];Yes
01/01/2022;mentee68@mail.com;mentor68;tor;20/01/1999;GMT -11;https://www.instagram.com/andreparedes06/;7587068847;Female;Somewhere, Else;Not, Important;No;bot;ohn McCarthy;Instagram;[Some text];[Some text];[Some text];Language certificate;;Language certificate;;;;Self learning;;;;;[Some text];Yes;[Some text];[Some text];[Some link];Wednesday;;;;;;;Monday;;;;Friday;;Friday;;;;;;Sunday;;;;;;;;;Wednesday;;;;;Yes, I do;[Some text];Yes
01/01/2022;mentee69@mail.com;mentor69;tor;12/02/1995;GMT -7;https://www.instagram.com/andreparedes06/;1472673793;Female;Somewhere, Else;Not, Important;Yes;bot;ohn McCarthy;Instagram;[Some text];[Some text];[Some text];;Native Speaker;Language certificate;Language certificate;;;;Language certificate;;Language certificate;Self learning;[Some text];Yes;[Some text];[Some text];[Some link];;;;Sunday;;;;;;;;Saturday;;;;;;Wednesday;;;;Tuesday;;Sunday;;;;;;;;;;Yes, I do;[Some text];Yes
01/01/2022;mentee70@mail.com;mentor70;tor;23/04/2002;GMT +12;https://www.instagram.com/andreparedes06/;3604103312;Female;Somewhere, Else;Not, Important;Yes;bot;ohn McCarthy;Instagram;[Some text];[Some text];[Some text];;;Language certificate;Language certificate;Language certificate;;Language certificate;Language certificate;;Language certificate;;[Some text];Yes;[Some text];[Some text];[Some link];;;;;;Friday;;Monday;;;;;;Thursday;;Sunday;;;Wednesday;;;;;;;Sunday;;;Monday;;Saturday;Friday;;Yes, I do;[Some text];Yes
01/01/2022;mentee71@mail.com;mentor71;tor;12/07/1998;GMT +4:30;https://www.instagram.com/andreparedes06/;8504176233;[Other];Somewhere, Else;Not, Important;Yes;bot;ohn McCarthy;Instagram;[Some text];[Some text];[Some text];;Native Speaker;Language certificate;;Language certificate;Language certificate;Language certificate;Language certificate;Self learning;Language certificate;Language certificate;[Some text];Yes;[Some text];[Some text];[Some link];;;;Wednesday;;;;;;;;;Sunday;;;Saturday;;;Thursday;;;Monday, Sunday;;;;;;;;;;;;Yes, I do;[Some text];Yes
01/01/2022;mentee72@mail.com;mentor72;tor;31/10/2003;GMT +6:30;https://www.instagram.com/andreparedes06/;6548653974;Female;Somewhere, Else;Not, Important;Yes;bot;ohn McCarthy;Instagram;[Some text];[Some text];[Some text];;Language certificate;Self learning;Language certificate;Self learning;;Language certificate;Self learning;Native Speaker;Language certificate;;[Some text];No;[Some text];[Some text];[Some link];;;;;;;;Wednesday;;;;Wednesday;;;;;;;;;;;;;;;;;;;;Saturday;;Yes, I do;[Some text];Yes
01/01/2022;mentee73@mail.com;mentor73;tor;28/02/2004;GMT +6:30;https://www.instagram.com/andreparedes06/;8156656805;Female;Somewhere, Else;Not, Important;Yes;bot;ohn McCarthy;Instagram;[Some text];[Some text];[Some text];Language certificate;;;Self learning;Native Speaker;;Native Speaker;Language certificate;;Self learning;Self learning;[Some text];Yes;[Some text];[Some text];[Some link];;;;;;;Tuesday;;;;;;;;;;Tuesday;;;;;;Sunday;;;;;Monday, Tuesday;;;Friday;;;Yes, I do;[Some text];Yes
01/01/2022;mentee74@mail.com;mentor74;tor;24/08/1999;GMT -9;https://www.instagram.com/andreparedes06/;9711004907;Male;Somewhere, Else;Not, Important;Yes;bot;ohn McCarthy;Instagram;[Some text];[Some text];[Some text];;;;Language certificate;Language certificate;Language certificate;Self learning;Native Speaker;;Self learning;;[Some text];Yes;[Some text];[Some text];[Some link];Saturday;;;;;;Thursday, Saturday;;;;;;;;;;;;;;;Sunday;;Friday;;;;;;;;;;Yes, I do;[Some text];Yes
01/01/2022;mentee75@mail.com;mentor75;tor;28/11/2000;GMT +9:30;https://www.instagram.com/andreparedes06/;9833679198;Female;Somewhere, Else;Not, Important;Yes;bot;ohn McCarthy;Instagram;[Some text];[Some text];[Some text];Language certificate;;Language certificate;Native Speaker;;;Language certificate;Language certificate;Native Speaker;;;[Some text];Yes;[Some text];[Some text];[Some link];;Tuesday, Saturday;;Tuesday;;;;;;;;;;;;;;;;Wednesday;;;;;;;;;;;Tuesday, Sunday;;;Yes, I do;[Some text];Yes
01/01/2022;mentee76@mail.com;mentor76;tor;21/08/2010;GMT +9:30;https://www.instagram.com/andreparedes06/;3710444545;Male;Somewhere, Else;Not, Important;Yes;bot;ohn McCarthy;Instagram;[Some text];[Some text];[Some text];;Language certificate;Self learning;Language certificate;Language certificate;Language certificate;Language certificate;Native Speaker;;Language certificate;;[Some text];Yes;[Some text];[Some text];[Some link];;Friday;;;;;;;;;;;;;;;Saturday;;;;;;Friday;;;Thursday;;;;Monday;;;;Yes, I do;[Some text];Yes
01/01/2022;mentee77@mail.com;mentor77;tor;22/12/2004;GMT +13;https://www.instagram.com/andreparedes06/;7960613756;Female;Somewhere, Else;Not, Important;Yes;bot;ohn McCarthy;Instagram;[Some text];[Some text];[Some text];Native Speaker;Self learning;Language certificate;Language certificate;Self learning;Self learning;Language certificate;;Self learning;;Language certificate;[Some text];No;[Some text];[Some text];[Some link];Friday;;;;;Friday;;;;;;;Friday, Saturday;;;;;;;;;;;;;;Wednesday;;Wednesday;;;;;Yes, I do;[Some text];Yes
01/01/2022;mentee78@mail.com;mentor78;tor;22/07/2005;GMT +14;https://www.instagram.com/andreparedes06/;8198432609;Male;Somewhere, Else;Not, Important;Yes;bot;ohn McCarthy;Instagram;[Some text];[Some text];[Some text];Language certificate;;Language certificate;;;Native Speaker;Self learning;Native Speaker;;;Native Speaker;[Some text];No;[Some text];[Some text];[Some link];;Saturday;;;;;;;;;;;;Thursday;;;;;Tuesday;;;;;;Tuesday, Wednesday;;;;;;;;Monday;Yes, I do;[Some text];Yes
01/01/2022;mentee79@mail.com;mentor79;tor;03/02/2008;GMT +13;https://www.instagram.com/andreparedes06/;7466361086;Male;Somewhere, Else;Not, Important;Yes;bot;ohn McCarthy;Instagram;[Some text];[Some text];[Some text];Native Speaker;Language certificate;Language certificate;Language certificate;Self learning;Language certificate;;Language certificate;Language certificate;Language certificate;Language certificate;[Some text];No;[Some text];[Some text];[Some link];;;Saturday;;;;;;;;;;;;;;Sunday;;;;;;Tuesday;;Monday;;;;;;;Thursday, Sunday;;Yes, I do;[Some text];Yes
01/01/2022;mentee80@mail.com;mentor80;tor;23/05/2008;GMT +14;https://www.instagram.com/andreparedes06/;9571357073;Female;Somewhere, Else;Not, Important;Yes;bot;ohn McCarthy;Instagram;[Some text];[Some text];[Some text];Language certificate;;Native Speaker;;Native Speaker;Language certificate;Self learning;Language certificate;Self learning;Language certificate;;[Some text];Yes;[Some text];[Some text];[Some link];;;;;;;;;;;;;;Thursday, Friday;;;;Friday;;;;;;;;;;;;;;;;Yes, I do;[Some text];Yes
01/01/2022;mentee81@mail.com;mentor81;tor;28/04/2008;GMT +10;https://www.instagram.com/andreparedes06/;6066617169;Female;Somewhere, Else;Not, Important;Yes;bot;ohn McCarthy;Instagram;[Some text];[Some text];[Some text];Language certificate;Language certificate;;;;;Language certificate;;;Language certificate;Self learning;[Some text];No;[Some text];[Some text];[Some link];;;;;;;;;;;;;Wednesday;;;;;;;;;;;;;;Saturday;Thursday;;;;;;Yes, I do;[Some text];Yes
01/01/2022;mentee82@mail.com;mentor82;tor;07/05/1996;GMT +0;https://www.instagram.com/andreparedes06/;6600586329;Male;Somewhere, Else;Not, Important;Yes;bot;ohn McCarthy;Instagram;[Some text];[Some text];[Some text];Native Speaker;;;Language certificate;Language certificate;Self learning;Self learning;Self learning;;;Language certificate;[Some text];Yes;[Some text];[Some text];[Some link];;;;;;;;;;;;;;;;;;;;;;Tuesday;;;;;;;Thursday;Tuesday;Thursday;;Tuesday;Yes, I do;[Some text];Yes
01/01/2022;mentee83@mail.com;mentor83;tor;07/10/1996;GMT -5;https://www.instagram.com/andreparedes06/;8024543115;Female;Somewhere, Else;Not, Important;Yes;bot;ohn McCarthy;Instagram;[Some text];[Some text];[Some text];Language certificate;Self learning;;Language certificate;;;Self learning;Language certificate;;Language certificate;Language certificate;[Some text];No;[Some text];[Some text];[Some link];Tuesday;;;;;;;;;;;;;;;;;Thursday;;;;;Thursday;;;;Wednesday;Saturday;;;;;;Yes, I do;[Some text];Yes
01/01/2022;mentee84@mail.com;mentor84;tor;21/05/2008;GMT +9;https://www.instagram.com/andreparedes06/;2750252754;Female;Somewhere, Else;Not, Important;Yes;bot;ohn McCarthy;Instagram;[Some text];[Some text];[Some text];;Language certificate;;Self learning;Self learning;Native Speaker;;;Language certificate;Native Speaker;Language certificate;[Some text];No;[Some text];[Some text];[Some link];;Thursday;Thursday;;;Monday;;;;;;;;;;;;;;;;;;;Saturday;;;;;;;;;Yes, I do;[Some text];Yes
01/01/2022;mentee85@mail.com;mentor85;tor;24/12/2000;GMT +9:30;https://www.instagram.com/andreparedes06/;3333568235;Non-binary;Somewhere, Else;Not, Important;Yes;bot;ohn McCarthy;Instagram;[Some text];[Some text];[Some text];Language certificate;Language certificate;Self learning;;Self learning;;Language certificate;Language certificate;Language certificate;;Self learning;[Some text];No;[Some text];[Some text];[Some link];;;;;;;;;;;;;;;;;;;;;;;;;Sunday;;;;;;;;;Yes, I do;[Some text];Yes
01/01/2022;mentee86@mail.com;mentor86;tor;22/10/2002;GMT +0;https://www.instagram.com/andreparedes06/;8303718119;Female;Somewhere, Else;Not, Important;Yes;bot;ohn McCarthy;Instagram;[Some text];[Some text];[Some text];;Self learning;Language certificate;;Self learning;Self learning;Self learning;;Language certificate;;Self learning;[Some text];Yes;[Some text];[Some text];[Some link];Wednesday;;;;;;;;;Saturday;;;;Saturday;;;Monday;;;;;;Saturday;;;;;;;;;;;Yes, I do;[Some text];Yes
01/01/2022;mentee87@mail.com;mentor87;tor;30/11/2008;GMT +7;https://www.instagram.com/andreparedes06/;5505695258;Female;Somewhere, Else;Not, Important;Yes;bot;ohn McCarthy;Instagram;[Some text];[Some text];[Some text];Language certificate;Language certificate;Language certificate;Language certificate;Language certificate;Language certificate;;;Native Speaker;Self learning;;[Some text];No;[Some text];[Some text];[Some link];;;;;;;;;;;;;;;;;;;Monday;;;;;;;;;;;;;;;Yes, I do;[Some text];Yes
01/01/2022;mentee88@mail.com;mentor88;tor;17/07/2005;GMT +3:30;https://www.instagram.com/andreparedes06/;6885703160;Male;Somewhere, Else;Not, Important;Yes;bot;ohn McCarthy;Instagram;[Some text];[Some text];[Some text];Native Speaker;;Self learning;Language certificate;;Language certificate;Self learning;;Language certificate;Native Speaker;Native Speaker;[Some text];No;[Some text];[Some text];[Some link];;;Monday;;;;;;;;;Tuesday;;;;;;;;;;;;;;;;;;;;;;Yes, I do;[Some text];Yes
01/01/2022;mentee89@mail.com;mentor89;tor;02/03/1996;GMT -9;https://www.instagram.com/andreparedes06/;7460128110;Female;Somewhere, Else;Not, Important;Yes;bot;ohn McCarthy;Instagram;[Some text];[Some text];[Some text];Language certificate;Self learning;Native Speaker;;Native Speaker;Language certificate;Self learning;Native Speaker;;;;[Some text];Yes;[Some text];[Some text];[Some link];;;;;;;;;;;;;;;;;;Wednesday, Sunday;;Wednesday;;Monday;;;;;;;;Saturday;;;;Yes, I do;[Some text];Yes
01/01/2022;mentee90@mail.com;mentor90;tor;17/10/2001;GMT -9;https://www.instagram.com/andreparedes06/;9697074152;Female;Somewhere, Else;Not, Important;Yes;bot;ohn McCarthy;Instagram;[Some text];[Some text];[Some text];Native Speaker;Language certificate;;Language certificate;;Language certificate;Language certificate;;Self learning;;Language certificate;[Some text];No;[Some text];[Some text];[Some link];;;Sunday;Wednesday;;;;;;;;;;;;;;;;;Saturday;Sunday;Friday;;;;;;Tuesday;;;Tuesday;;Yes, I do;[Some text];Yes
01/01/2022;mentee91@mail.com;mentor91;tor;20/07/2003;GMT +4:30;https://www.instagram.com/andreparedes06/;9842607949;Non-binary;Somewhere, Else;Not, Important;No;bot;ohn McCarthy;Instagram;[Some text];[Some text];[Some text];Language certificate;Self learning;Language certificate;;Self learning;;;;Language certificate;Language certificate;Native Speaker;[Some text];No;[Some text];[Some text];[Some link];;;;;;;;;;;Friday;;;;;;Sunday;;;;;;;;;;Friday, Sunday;;;;;;;Yes, I do;[Some text];Yes
01/01/2022;mentee92@mail.com;mentor92;tor;03/02/2011;GMT +11;https://www.instagram.com/andreparedes06/;7171301997;Female;Somewhere, Else;Not, Important;Yes;bot;ohn McCarthy;Instagram;[Some text];[Some text];[Some text];Self learning;Language certificate;Native Speaker;;Self learning;Language certificate;Native Speaker;Language certificate;Language certificate;;;[Some text];No;[Some text];[Some text];[Some link];;Thursday;;;;;;;;;;;;;;;;;;;;;;;;Monday;;;;;;;;Yes, I do;[Some text];Yes
01/01/2022;mentee93@mail.com;mentor93;tor;17/04/2007;GMT -12;https://www.instagram.com/andreparedes06/;7881481698;Male;Somewhere, Else;Not, Important;Yes;bot;ohn McCarthy;Instagram;[Some text];[Some text];[Some text];Self learning;;;Language certificate;;Self learning;Native Speaker;Self learning;Language certificate;Native Speaker;Native Speaker;[Some text];No;[Some text];[Some text];[Some link];;;;;;;;;;;;;;;Sunday;;;;;;;;;;Tuesday;;;;;;;;Wednesday;Yes, I do;[Some text];Yes
01/01/2022;mentee94@mail.com;mentor94;tor;22/06/2008;GMT -7;https://www.instagram.com/andreparedes06/;7413321732;Female;Somewhere, Else;Not, Important;Yes;bot;ohn McCarthy;Instagram;[Some text];[Some text];[Some text];Language certificate;Self learning;Language certificate;;Self learning;Native Speaker;Language certificate;;Language certificate;Language certificate;Language certificate;[Some text];No;[Some text];[Some text];[Some link];;;Wednesday;;;;;;;;Thursday;Wednesday;;;;;;;;;;;;;;;;Thursday;;;;;;Yes, I do;[Some text];Yes
01/01/2022;mentee95@mail.com;mentor95;tor;27/05/2008;GMT +5:30;https://www.instagram.com/andreparedes06/;3297348120;Male;Somewhere, Else;Not, Important;Yes;bot;ohn McCarthy;Instagram;[Some text];[Some text];[Some text];Language certificate;;Language certificate;;Self learning;Language certificate;;;;;Language certificate;[Some text];Yes;[Some text];[Some text];[Some link];;;;;;;;;;;;Sunday;;;Thursday;;;;;;;;Friday;;;;;;;;;;;Yes, I do;[Some text];Yes
01/01/2022;mentee96@mail.com;mentor96;tor;22/05/2002;GMT +5:30;https://www.instagram.com/andreparedes06/;3460227876;Female;Somewhere, Else;Not, Important;Yes;bot;ohn McCarthy;Instagram;[Some text];[Some text];[Some text];Self learning;Language certificate;;;Native Speaker;Language certificate;;;Language certificate;Language certificate;;[Some text];No;[Some text];[Some text];[Some link];Wednesday;;Thursday;Monday;;;;Thursday;Tuesday;;;;;;;;;;;;;;;;;;Monday;;;;;;;Yes, I do;[Some text];Yes
01/01/2022;mentee97@mail.com;mentor97;tor;25/01/1996;GMT +6:30;https://www.instagram.com/andreparedes06/;9645508505;Female;Somewhere, Else;Not, Important;No;bot;ohn McCarthy;Instagram;[Some text];[Some text];[Some text];;Language certificate;Language certificate;Self learning;;Native Speaker;Language certificate;;Language certificate;Language certificate;Language certificate;[Some text];No;[Some text];[Some text];[Some link];;Monday, Friday;;;;;;;;;Friday;;;Thursday;;;;;Thursday;;;;;;;;;;;;;;;Yes, I do;[Some text];Yes
01/01/2022;mentee98@mail.com;mentor98;tor;17/01/2000;GMT +4;https://www.instagram.com/andreparedes06/;9369190379;Male;Somewhere, Else;Not, Important;Yes;bot;ohn McCarthy;Instagram;[Some text];[Some text];[Some text];;;Self learning;Language certificate;Native Speaker;Language certificate;Language certificate;Language certificate;;;;[Some text];No;[Some text];[Some text];[Some link];;;;;;Saturday;;;;;;;;;;;;;;;;;;;;;;Sunday;;Saturday;;;Tuesday, Thursday;Yes, I do;[Some text];Yes
01/01/2022;mentee99@mail.com;mentor99;tor;20/10/2000;GMT +7;https://www.instagram.com/andreparedes06/;4492315788;Female;Somewhere, Else;Not, Important;Yes;bot;ohn McCarthy;Instagram;[Some text];[Some text];[Some text];Language certificate;;Native Speaker;Language certificate;Language certificate;Language certificate;Language certificate;Language certificate;Language certificate;Self learning;Self learning;[Some text];No;[Some text];[Some text];[Some link];;;;;;;;;Friday;;;;;;Saturday;;;;;;Sunday;;Tuesday;;Sunday;;;;;;;;Tuesday, Sunday;Yes, I do;[Some text];Yes
01/01/2022;mentee100@mail.com;mentor100;tor;27/09/1995;GMT +4:30;https://www.instagram.com/andreparedes06/;8927808785;Male;Somewhere, Else;Not, Important;No;bot;ohn McCarthy;Instagram;[Some text];[Some text];[Some text];;Language certificate;Native Speaker;Self learning;;Native Speaker;;Native Speaker;Language certificate;Self learning;;[Some text];Yes;[Some text];[Some text];[Some link];;;;Tuesday;;;;;;;;;Wednesday;;;;;;;;;;;;;;;Friday;;;Monday;;Monday;Yes, I do;[Some text];Yes
01/01/2022;mentee101@mail.com;mentor101;tor;18/12/1999;GMT +8;https://www.instagram.com/andreparedes06/;8727844565;Male;Somewhere, Else;Not, Important;No;bot;ohn McCarthy;Instagram;[Some text];[Some text];[Some text];Language certificate;Self learning;;Native Speaker;;;;;Language certificate;Native Speaker;;[Some text];No;[Some text];[Some text];[Some link];;;;;;;;;;;;Tuesday;;;;;;;Thursday;;;;;;;Wednesday, Sunday;;Wednesday;;;;;;Yes, I do;[Some text];Yes
01/01/2022;mentee102@mail.com;mentor102;tor;31/10/2005;GMT +13;https://www.instagram.com/andreparedes06/;9214258004;Female;Somewhere, Else;Not, Important;Yes;bot;ohn McCarthy;Instagram;[Some text];[Some text];[Some text];Language certificate;;Language certificate;;Language certificate;Language certificate;Language certificate;Language certificate;Native Speaker;Language certificate;;[Some text];No;[Some text];[Some text];[Some link];;;;;Wednesday;;;;;;;;Friday;;;;;;;;;;;;;;;;;;;Tuesday;;Yes, I do;[Some text];Yes
01/01/2022;mentee103@mail.com;mentor103;tor;26/09/2000;GMT +5:45;https://www.instagram.com/andreparedes06/;6922418617;Male;Somewhere, Else;Not, Important;Yes;bot;ohn McCarthy;Instagram;[Some text];[Some text];[Some text];;Language certificate;Language certificate;;Self learning;Language certificate;Language certificate;Self learning;Language certificate;Language certificate;Language certificate;[Some text];Yes;[Some text];[Some text];[Some link];;;Sunday;;Tuesday;;;;;;Thursday;;;;;;;;;;;;;;;;;;;;;Wednesday;;Yes, I do;[Some text];Yes
01/01/2022;mentee104@mail.com;mentor104;tor;18/05/2008;GMT -1;https://www.instagram.com/andreparedes06/;9361440921;Female;Somewhere, Else;Not, Important;Yes;bot;ohn McCarthy;Instagram;[Some text];[Some text];[Some text];Self learning;;Self learning;;Language certificate;Language certificate;;;Language certificate;;;[Some text];Yes;[Some text];[Some text];[Some link];;;Sunday;;;;;;;;;;;Tuesday;;Tuesday;;;Thursday;Tuesday, Sunday;;;;;Sunday;;;;Saturday;;;;;Yes, I do;[Some text];Yes
01/01/2022;mentee105@mail.com;mentor105;tor;02/11/2011;GMT -5;https://www.instagram.com/andreparedes06/;5598498867;Female;Somewhere, Else;Not, Important;Yes;bot;ohn McCarthy;Instagram;[Some text];[Some text];[Some text];Language certificate;Language certificate;;;Language certificate;;Language certificate;Language certificate;Language certificate;Native Speaker;Language certificate;[Some text];No;[Some text];[Some text];[Some link];;;;;;;;Wednesday;Sunday;;;;;Saturday;Saturday;;;Thursday;;;Tuesday;;;;;;;;Friday;;;;;Yes, I do;[Some text];Yes
01/01/2022;mentee106@mail.com;mentor106;tor;29/03/2004;GMT -7;https://www.instagram.com/andreparedes06/;5994540285;Female;Somewhere, Else;Not, Important;Yes;bot;ohn McCarthy;Instagram;[Some text];[Some text];[Some text];;Native Speaker;;Language certificate;Language certificate;Language certificate;Self learning;;;;Language certificate;[Some text];Yes;[Some text];[Some text];[Some link];;;;;;;;;;;;;;;;Monday;;;;;Sunday;;;;;;;;;;;Saturday;;Yes, I do;[Some text];Yes
01/01/2022;mentee107@mail.com;mentor107;tor;23/02/1996;GMT +12;https://www.instagram.com/andreparedes06/;9965793149;Female;Somewhere, Else;Not, Important;No;bot;ohn McCarthy;Instagram;[Some text];[Some text];[Some text];Self learning;Language certificate;;;;Language certificate;Self learning;Language certificate;Self learning;Self learning;;[Some text];No;[Some text];[Some text];[Some link];;;;;;;;;Tuesday;;;;Thursday;;;Thursday;;;;;;;;;Monday;;;;;;;;;Yes, I do;[Some text];Yes
01/01/2022;mentee108@mail.com;mentor108;tor;30/09/2001;GMT +13;https://www.instagram.com/andreparedes06/;9226739906;Male;Somewhere, Else;Not, Important;No;bot;ohn McCarthy;Instagram;[Some text];[Some text];[Some text];Native Speaker;;;Language certificate;Language certificate;;Language certificate;Native Speaker;Language certificate;;Language certificate;[Some text];Yes;[Some text];[Some text];[Some link];Tuesday;;;;;;;;;;;;;;;Saturday;Tuesday;Friday;;;Saturday, Sunday;;;;;;;;Saturday;;;;;Yes, I do;[Some text];Yes
01/01/2022;mentee109@mail.com;mentor109;tor;06/08/2007;GMT +10;https://www.instagram.com/andreparedes06/;3406392949;Female;Somewhere, Else;Not, Important;Yes;bot;ohn McCarthy;Instagram;[Some text];[Some text];[Some text];Language certificate;Language certificate;Native Speaker;Self learning;Language certificate;;Language certificate;;;Native Speaker;Language certificate;[Some text];No;[Some text];[Some text];[Some link];;;;Thursday;;;;;;Friday, Saturday;;;;;;;;;;;Saturday;;;;;;;;;Friday;;Saturday;;Yes, I do;[Some text];Yes
01/01/2022;mentee110@mail.com;mentor110;tor;05/04/2005;GMT -6;https://www.instagram.com/andreparedes06/;2760347811;Female;Somewhere, Else;Not, Important;No;bot;ohn McCarthy;Instagram;[Some text];[Some text];[Some text];Language certificate;;Self learning;Self learning;;;;Native Speaker;Language certificate;Language certificate;Language certificate;[Some text];Yes;[Some text];[Some text];[Some link];;;;;;;;;;;;;;;;;;;;;Saturday;;;;;;;;;;;;;Yes, I do;[Some text];Yes
01/01/2022;mentee111@mail.com;mentor111;tor;05/02/2002;GMT +6;https://www.instagram.com/andreparedes06/;4441983609;Non-binary;Somewhere, Else;Not, Important;Yes;bot;ohn McCarthy;Instagram;[Some text];[Some text];[Some text];;Native Speaker;Language certificate;Language certificate;Self learning;;Language certificate;;Language certificate;;;[Some text];No;[Some text];[Some text];[Some link];;;;;;;;;;;;;;;;;;;;;;;;;Monday;;;Tuesday;;Friday;;;Wednesday;Yes, I do;[Some text];Yes
01/01/2022;mentee112@mail.com;mentor112;tor;15/01/2000;GMT +5;https://www.instagram.com/andreparedes06/;7982601824;Female;Somewhere, Else;Not, Important;Yes;bot;ohn McCarthy;Instagram;[Some text];[Some text];[Some text];;Language certificate;Self learning;Self learning;Language certificate;;Native Speaker;Native Speaker;Self learning;Native Speaker;Language certificate;[Some text];No;[Some text];[Some text];[Some link];Thursday;;;;;;;;;;;;;;Tuesday;;;;;;;;Sunday;;;Thursday;;;;Tuesday, Saturday;;;;Yes, I do;[Some text];Yes
01/01/2022;mentee113@mail.com;mentor113;tor;01/08/2004;GMT +5:45;https://www.instagram.com/andreparedes06/;7572297957;Non-binary;Somewhere, Else;Not, Important;Yes;bot;ohn McCarthy;Instagram;[Some text];[Some text];[Some text];Language certificate;Native Speaker;Language certificate;Native Speaker;;;Self learning;Language certificate;Self learning;Language certificate;;[Some text];No;[Some text];[Some text];[Some link];;;;;;;;;;;;;;;;;;Tuesday;;;;;;;;;;;Tuesday;;;;;Yes, I do;[Some text];Yes
01/01/2022;mentee114@mail.com;mentor114;tor;16/09/1998;GMT -6;https://www.instagram.com/andreparedes06/;6663325292;Male;Somewhere, Else;Not, Important;Yes;bot;ohn McCarthy;Instagram;[Some text];[Some text];[Some text];Self learning;Language certificate;Self learning;Language certificate;Self learning;;;;;;Language certificate;[Some text];Yes;[Some text];[Some text];[Some link];Thursday;;;;;Wednesday;Saturday;;;;;;;;;;;;;;;;;Sunday;;;;Monday;;;;;;Yes, I do;[Some text];Yes
01/01/2022;mentee115@mail.com;mentor115;tor;16/09/2000;GMT +9:30;https://www.instagram.com/andreparedes06/;8524748632;Female;Somewhere, Else;Not, Important;Yes;bot;ohn McCarthy;Instagram;[Some text];[Some text];[Some text];Language certificate;Language certificate;Language certificate;;;Language certificate;;Native Speaker;Language certificate;Self learning;Language certificate;[Some text];No;[Some text];[Some text];[Some link];;;;;;;;;Wednesday;;;;;;Thursday;;;;;;Wednesday;;;;;;;;;;Wednesday;;;Yes, I do;[Some text];Yes
01/01/2022;mentee116@mail.com;mentor116;tor;28/11/2008;GMT +5;https://www.instagram.com/andreparedes06/;3041118348;Female;Somewhere, Else;Not, Important;No;bot;ohn McCarthy;Instagram;[Some text];[Some text];[Some text];Language certificate;Language certificate;Self learning;;Language certificate;Self learning;Self learning;Language certificate;Language certificate;;Language certificate;[Some text];Yes;[Some text];[Some text];[Some link];;Thursday, Sunday;;;;;;;;Friday;;Tuesday;;;;;;;;;Thursday;;;Tuesday;;;;;;;;;;Yes, I do;[Some text];Yes
01/01/2022;mentee117@mail.com;mentor117;tor;11/11/2009;GMT +11;https://www.instagram.com/andreparedes06/;6371189154;Female;Somewhere, Else;Not, Important;Yes;bot;ohn McCarthy;Instagram;[Some text];[Some text];[Some text];Language certificate;;Language certificate;;Language certificate;;;;;Native Speaker;Language certificate;[Some text];No;[Some text];[Some text];[Some link];;;Saturday;Monday;Saturday;;;;;;;;;;;;Saturday;;;;;Friday;;;;;;;;;;Friday;Tuesday;Yes, I do;[Some text];Yes
01/01/2022;mentee118@mail.com;mentor118;tor;30/01/1996;GMT +6:30;https://www.instagram.com/andreparedes06/;3733867448;Female;Somewhere, Else;Not, Important;Yes;bot;ohn McCarthy;Instagram;[Some text];[Some text];[Some text];Self learning;Language certificate;;;Self learning;;Native Speaker;Native Speaker;;Language certificate;;[Some text];No;[Some text];[Some text];[Some link];;;Friday;;;;;;;;;;;Wednesday;;;Monday;;;;;;Sunday;;;;;;;;;;;Yes, I do;[Some text];Yes
01/01/2022;mentee119@mail.com;mentor119;tor;31/03/2000;GMT +10;https://www.instagram.com/andreparedes06/;2810915397;Female;Somewhere, Else;Not, Important;No;bot;ohn McCarthy;Instagram;[Some text];[Some text];[Some text];;Language certificate;;Language certificate;Self learning;Language certificate;;;;Language certificate;;[Some text];No;[Some text];[Some text];[Some link];Wednesday;;;;;Wednesday, Saturday;Thursday;;;;;;;Sunday;;;;;;;;Sunday;;;;;;Tuesday;Friday;Monday;;;;Yes, I do;[Some text];Yes
01/01/2022;mentee120@mail.com;mentor120;tor;13/10/1996;GMT -7;https://www.instagram.com/andreparedes06/;5172679918;Female;Somewhere, Else;Not, Important;Yes;bot;ohn McCarthy;Instagram;[Some text];[Some text];[Some text];;;Language certificate;Self learning;;;Language certificate;Language certificate;Language certificate;Native Speaker;;[Some text];No;[Some text];[Some text];[Some link];;;;Tuesday;;;;;;;;;;;;;Wednesday;;;;;;;;;;;Tuesday;;Saturday;;;;Yes, I do;[Some text];Yes
01/01/2022;mentee121@mail.com;mentor121;tor;18/05/2010;GMT +5:30;https://www.instagram.com/andreparedes06/;3722137170;Female;Somewhere, Else;Not, Important;Yes;bot;ohn McCarthy;Instagram;[Some text];[Some text];[Some text];Self learning;;Language certificate;Native Speaker;Language certificate;Native Speaker;Language certificate;;Language certificate;Language certificate;;[Some text];No;[Some text];[Some text];[Some link];;;;;;;Tuesday;Friday;;;Wednesday;;;;;;;Saturday;;;;;;;Wednesday;;;;;;;;Wednesday;Yes, I do;[Some text];Yes
01/01/2022;mentee122@mail.com;mentor122;tor;21/10/2011;GMT -2:30;https://www.instagram.com/andreparedes06/;4975090900;Male;Somewhere, Else;Not, Important;Yes;bot;ohn McCarthy;Instagram;[Some text];[Some text];[Some text];Language certificate;Language certificate;;;Self learning;Language certificate;Language certificate;;Native Speaker;;;[Some text];Yes;[Some text];[Some text];[Some link];;;;;;;;;;;Friday;Tuesday;;;;Friday;;;;Monday;;;;Monday;;;;Monday;;;;;;Yes, I do;[Some text];Yes
01/01/2022;mentee123@mail.com;mentor123;tor;20/03/2008;GMT -2:30;https://www.instagram.com/andreparedes06/;9036678587;Female;Somewhere, Else;Not, Important;Yes;bot;ohn McCarthy;Instagram;[Some text];[Some text];[Some text];Language certificate;;;Language certificate;Language certificate;Language certificate;Native Speaker;;;Language certificate;Language certificate;[Some text];No;[Some text];[Some text];[Some link];Thursday;;Saturday;;;;;;;;;;;;;Wednesday;;;;;;;;Tuesday;;Friday;;;;;;;;Yes, I do;[Some text];Yes
01/01/2022;mentee124@mail.com;mentor124;tor;12/09/1998;GMT +5:45;https://www.instagram.com/andreparedes06/;9655500372;[Other];Somewhere, Else;Not, Important;Yes;bot;ohn McCarthy;Instagram;[Some text];[Some text];[Some text];Language certificate;;;Language certificate;Native Speaker;Self learning;;;Self learning;Language certificate;Language certificate;[Some text];Yes;[Some text];[Some text];[Some link];;;;;;;Monday;;;;;;;;Sunday;;Monday;;;;;;;;;Saturday;Sunday;;Thursday;;;;;Yes, I do;[Some text];Yes
01/01/2022;mentee125@mail.com;mentor125;tor;17/04/2003;GMT -11;https://www.instagram.com/andreparedes06/;1767871408;Prefer not to say;Somewhere, Else;Not, Important;Yes;bot;ohn McCarthy;Instagram;[Some text];[Some text];[Some text];;Language certificate;Native Speaker;Native Speaker;;Native Speaker;Language certificate;Language certificate;Native Speaker;;Self learning;[Some text];Yes;[Some text];[Some text];[Some link];;;;;;;;;;;;;;;;;;;;;;;;;;;;;;;;;;Yes, I do;[Some text];Yes
01/01/2022;mentee126@mail.com;mentor126;tor;16/08/1997;GMT -9:30;https://www.instagram.com/andreparedes06/;3802507637;Male;Somewhere, Else;Not, Important;Yes;bot;ohn McCarthy;Instagram;[Some text];[Some text];[Some text];Language certificate;Language certificate;Language certificate;Language certificate;Language certificate;Language certificate;;Self learning;;;Language certificate;[Some text];No;[Some text];[Some text];[Some link];;;Thursday;;;;;;;;;;;;;;;Wednesday;;Wednesday;;;;;;;Saturday;;;Saturday;;;;Yes, I do;[Some text];Yes
01/01/2022;mentee127@mail.com;mentor127;tor;01/01/2001;GMT +6:30;https://www.instagram.com/andreparedes06/;8010445656;Female;Somewhere, Else;Not, Important;No;bot;ohn McCarthy;Instagram;[Some text];[Some text];[Some text];;Self learning;;;;;;Self learning;Language certificate;Language certificate;Language certificate;[Some text];Yes;[Some text];[Some text];[Some link];;;;Friday;Thursday, Sunday;;Friday;;;;;;;Tuesday;;Thursday;;;;;Tuesday;;;;;;Wednesday;;;;;;;Yes, I do;[Some text];Yes
01/01/2022;mentee128@mail.com;mentor128;tor;12/03/1998;GMT +2;https://www.instagram.com/andreparedes06/;2757079725;Male;Somewhere, Else;Not, Important;Yes;bot;ohn McCarthy;Instagram;[Some text];[Some text];[Some text];Self learning;Language certificate;;;Self learning;;Language certificate;Native Speaker;;;;[Some text];No;[Some text];[Some text];[Some link];;;;;;;;;;;;;;;;;;;;;;;;Friday;;;;;;;;;;Yes, I do;[Some text];Yes
01/01/2022;mentee129@mail.com;mentor129;tor;20/04/2009;GMT -11;https://www.instagram.com/andreparedes06/;2895217090;Female;Somewhere, Else;Not, Important;Yes;bot;ohn McCarthy;Instagram;[Some text];[Some text];[Some text];Language certificate;;Self learning;Language certificate;Native Speaker;;Language certificate;Language certificate;Native Speaker;;;[Some text];Yes;[Some text];[Some text];[Some link];;;;;;;;Saturday;;;;Saturday;;;;;;;Monday;;;;Sunday;;;Saturday;Sunday;;;;;;;Yes, I do;[Some text];Yes
01/01/2022;mentee130@mail.com;mentor130;tor;21/07/2001;GMT -7;https://www.instagram.com/andreparedes06/;9326893990;Male;Somewhere, Else;Not, Important;Yes;bot;ohn McCarthy;Instagram;[Some text];[Some text];[Some text];;Native Speaker;;Self learning;;;;Language certificate;Self learning;Language certificate;Language certificate;[Some text];Yes;[Some text];[Some text];[Some link];;;;Tuesday;;;;;;;;;;Sunday;Tuesday, Saturday;;;;;;;;Sunday;;Saturday;;;;;;;;Friday;Yes, I do;[Some text];Yes
01/01/2022;mentee131@mail.com;mentor131;tor;04/07/2011;GMT -2;https://www.instagram.com/andreparedes06/;5339153728;Female;Somewhere, Else;Not, Important;Yes;bot;ohn McCarthy;Instagram;[Some text];[Some text];[Some text];Language certificate;Native Speaker;;;Native Speaker;;Language certificate;Self learning;Native Speaker;;Native Speaker;[Some text];No;[Some text];[Some text];[Some link];Thursday;Thursday;;;;;;;;;;;;;Sunday;;;;;;;;;;;;;;;Monday, Thursday;;;;Yes, I do;[Some text];Yes
01/01/2022;mentee132@mail.com;mentor132;tor;02/12/2005;GMT -2:30;https://www.instagram.com/andreparedes06/;1317518743;Female;Somewhere, Else;Not, Important;Yes;bot;ohn McCarthy;Instagram;[Some text];[Some text];[Some text];Self learning;Language certificate;;Native Speaker;Self learning;;;;Native Speaker;Language certificate;Self learning;[Some text];No;[Some text];[Some text];[Some link];;;;;;Thursday;;;;;;;;;;;;;;;;;;;;;;;;Saturday;;;;Yes, I do;[Some text];Yes
01/01/2022;mentee133@mail.com;mentor133;tor;17/09/1997;GMT +11;https://www.instagram.com/andreparedes06/;7786616142;Female;Somewhere, Else;Not, Important;Yes;bot;ohn McCarthy;Instagram;[Some text];[Some text];[Some text];Language certificate;Language certificate;Language certificate;Self learning;Self learning;;Self learning;Language certificate;;Self learning;Language certificate;[Some text];No;[Some text];[Some text];[Some link];;;;;;;;;;;;;;;;Tuesday;;Tuesday;;;;Tuesday;;;;Saturday;;;;Wednesday;;;;Yes, I do;[Some text];Yes
01/01/2022;mentee134@mail.com;mentor134;tor;17/01/2011;GMT +4:30;https://www.instagram.com/andreparedes06/;6916073280;Male;Somewhere, Else;Not, Important;Yes;bot;ohn McCarthy;Instagram;[Some text];[Some text];[Some text];;;Language certificate;Language certificate;;Language certificate;;Language certificate;Language certificate;;;[Some text];Yes;[Some text];[Some text];[Some link];;Saturday;;Sunday;;;;Saturday;;;;;;;;Monday;;;;;;;;;Monday;;Thursday;;;;;;;Yes, I do;[Some text];Yes
01/01/2022;mentee135@mail.com;mentor135;tor;31/08/2005;GMT -2:30;https://www.instagram.com/andreparedes06/;3449847582;Female;Somewhere, Else;Not, Important;Yes;bot;ohn McCarthy;Instagram;[Some text];[Some text];[Some text];Self learning;Language certificate;Language certificate;;Language certificate;Language certificate;Language certificate;Language certificate;;Self learning;Language certificate;[Some text];Yes;[Some text];[Some text];[Some link];Friday;;;;Sunday;;;;;;Monday;;;;;;;;Monday;;;;;;;;;;Thursday;;;Wednesday;;Yes, I do;[Some text];Yes
01/01/2022;mentee136@mail.com;mentor136;tor;07/12/2000;GMT +10;https://www.instagram.com/andreparedes06/;9400816243;Female;Somewhere, Else;Not, Important;Yes;bot;ohn McCarthy;Instagram;[Some text];[Some text];[Some text];;Self learning;;Native Speaker;Native Speaker;Language certificate;Language certificate;Language certificate;;;Self learning;[Some text];Yes;[Some text];[Some text];[Some link];;;;Monday;;;;;;;Wednesday, Saturday;;;;;;;;Monday;;;Tuesday;;Saturday;;;;;;;;Thursday;;Yes, I do;[Some text];Yes
01/01/2022;mentee137@mail.com;mentor137;tor;29/09/1995;GMT +4;https://www.instagram.com/andreparedes06/;5763829850;Female;Somewhere, Else;Not, Important;Yes;bot;ohn McCarthy;Instagram;[Some text];[Some text];[Some text];;;Language certificate;Language certificate;;Native Speaker;Native Speaker;Language certificate;;Language certificate;Self learning;[Some text];Yes;[Some text];[Some text];[Some link];;;;;Wednesday;Thursday;;;;;;;;;;;Wednesday;;;;;;;;;;;Monday;;;;;;Yes, I do;[Some text];Yes
01/01/2022;mentee138@mail.com;mentor138;tor;01/11/2002;GMT +3:30;https://www.instagram.com/andreparedes06/;1980621980;Male;Somewhere, Else;Not, Important;Yes;bot;ohn McCarthy;Instagram;[Some text];[Some text];[Some text];Language certificate;Language certificate;Language certificate;Self learning;Language certificate;;;Native Speaker;Self learning;;Language certificate;[Some text];Yes;[Some text];[Some text];[Some link];;;;;;;;;;;;;Friday;;Wednesday;Thursday;;;Friday;Wednesday;;Monday;;;;Wednesday;;;;;;;;Yes, I do;[Some text];Yes
01/01/2022;mentee139@mail.com;mentor139;tor;05/07/2007;GMT +5;https://www.instagram.com/andreparedes06/;9646197623;Female;Somewhere, Else;Not, Important;Yes;bot;ohn McCarthy;Instagram;[Some text];[Some text];[Some text];Self learning;;Language certificate;;Language certificate;;;;Self learning;Language certificate;Native Speaker;[Some text];Yes;[Some text];[Some text];[Some link];;;;;;;;;;;Saturday;;;;;;;;;Wednesday;Monday, Friday;;;;;;;;Sunday;;;Sunday;;Yes, I do;[Some text];Yes
01/01/2022;mentee140@mail.com;mentor140;tor;16/12/1996;GMT -9;https://www.instagram.com/andreparedes06/;9556941121;Female;Somewhere, Else;Not, Important;Yes;bot;ohn McCarthy;Instagram;[Some text];[Some text];[Some text];Language certificate;;Language certificate;;Language certificate;Language certificate;;;;Native Speaker;;[Some text];No;[Some text];[Some text];[Some link];;;;;Saturday;;;;Tuesday, Wednesday;Tuesday;Friday;;;;;;;;Sunday;;;;;;;;;;;;;;Tuesday;Yes, I do;[Some text];Yes
01/01/2022;mentee141@mail.com;mentor141;tor;19/12/1995;GMT +3;https://www.instagram.com/andreparedes06/;3280195893;Female;Somewhere, Else;Not, Important;Yes;bot;ohn McCarthy;Instagram;[Some text];[Some text];[Some text];Language certificate;Language certificate;;;Native Speaker;;;Native Speaker;;;;[Some text];No;[Some text];[Some text];[Some link];Friday;;;;;;;;;;;;;;;;;;;;;;;;;;;Thursday;;;;;;Yes, I do;[Some text];Yes
01/01/2022;mentee142@mail.com;mentor142;tor;03/12/1998;GMT -1;https://www.instagram.com/andreparedes06/;3297999468;Female;Somewhere, Else;Not, Important;Yes;bot;ohn McCarthy;Instagram;[Some text];[Some text];[Some text];Native Speaker;Self learning;;Self learning;;;Language certificate;;Self learning;Language certificate;;[Some text];No;[Some text];[Some text];[Some link];;;;;;;;;Tuesday;;;;;;;Tuesday;;;;;;;;;Monday;;;;;;Thursday;;Saturday;Yes, I do;[Some text];Yes
01/01/2022;mentee143@mail.com;mentor143;tor;19/03/1998;GMT -10;https://www.instagram.com/andreparedes06/;5753293673;Female;Somewhere, Else;Not, Important;Yes;bot;ohn McCarthy;Instagram;[Some text];[Some text];[Some text];;Native Speaker;Language certificate;;Language certificate;Language certificate;Language certificate;;Native Speaker;Native Speaker;;[Some text];Yes;[Some text];[Some text];[Some link];;;;;;;;;;Thursday;;;Wednesday;;;;;Wednesday;;;;Friday;;Sunday;;;;;;;Sunday;;;Yes, I do;[Some text];Yes
01/01/2022;mentee144@mail.com;mentor144;tor;28/08/2003;GMT +2;https://www.instagram.com/andreparedes06/;9993555481;Female;Somewhere, Else;Not, Important;Yes;bot;ohn McCarthy;Instagram;[Some text];[Some text];[Some text];;;;Language certificate;Language certificate;Language certificate;Language certificate;Self learning;Self learning;;;[Some text];Yes;[Some text];[Some text];[Some link];;;;;;;;;;;;;Monday;Monday;;;;Sunday;;;;;;Tuesday;;;;;;;Wednesday;;;Yes, I do;[Some text];Yes
01/01/2022;mentee145@mail.com;mentor145;tor;06/10/2003;GMT -2:30;https://www.instagram.com/andreparedes06/;9035801782;Male;Somewhere, Else;Not, Important;Yes;bot;ohn McCarthy;Instagram;[Some text];[Some text];[Some text];Language certificate;;Language certificate;Self learning;Self learning;Language certificate;Language certificate;Language certificate;;Language certificate;Language certificate;[Some text];No;[Some text];[Some text];[Some link];Sunday;;;;;;Saturday;;;Sunday;;;;;;Sunday;;;Wednesday;Thursday, Saturday;;;;;;Saturday;;;;;;;;Yes, I do;[Some text];Yes
01/01/2022;mentee146@mail.com;mentor146;tor;25/12/2011;GMT +13;https://www.instagram.com/andreparedes06/;6161676217;Female;Somewhere, Else;Not, Important;Yes;bot;ohn McCarthy;Instagram;[Some text];[Some text];[Some text];;Native Speaker;;;Language certificate;Language certificate;Native Speaker;Native Speaker;;Native Speaker;;[Some text];No;[Some text];[Some text];[Some link];;;;;;;;;;;;;;;;;;Monday, Friday;Monday;Thursday;Tuesday;;;;;;;Monday;;;;;;Yes, I do;[Some text];Yes
01/01/2022;mentee147@mail.com;mentor147;tor;30/08/2003;GMT -4;https://www.instagram.com/andreparedes06/;8278351062;Female;Somewhere, Else;Not, Important;Yes;bot;ohn McCarthy;Instagram;[Some text];[Some text];[Some text];Native Speaker;;;Language certificate;Language certificate;Self learning;Language certificate;Language certificate;;Language certificate;Language certificate;[Some text];Yes;[Some text];[Some text];[Some link];;;Tuesday;;;;;;;;;;;;;;;;;Tuesday;;;;;;Tuesday, Sunday;;;;;Friday;Thursday;;Yes, I do;[Some text];Yes
01/01/2022;mentee148@mail.com;mentor148;tor;07/06/1999;GMT +13:45;https://www.instagram.com/andreparedes06/;9185866803;Female;Somewhere, Else;Not, Important;Yes;bot;ohn McCarthy;Instagram;[Some text];[Some text];[Some text];;;;Language certificate;;Language certificate;Language certificate;;;Language certificate;;[Some text];Yes;[Some text];[Some text];[Some link];;;;;;;;;;;;;;;Wednesday;;;;Sunday;;;;;;Monday;Tuesday;Tuesday;;Saturday;;;Monday;;Yes, I do;[Some text];Yes
01/01/2022;mentee149@mail.com;mentor149;tor;04/10/2007;GMT +14;https://www.instagram.com/andreparedes06/;4168100254;Prefer not to say;Somewhere, Else;Not, Important;Yes;bot;ohn McCarthy;Instagram;[Some text];[Some text];[Some text];;Self learning;;;;;;Language certificate;;Language certificate;Native Speaker;[Some text];No;[Some text];[Some text];[Some link];;;;;Sunday;;;Thursday;;;;Friday;;;Wednesday;;;;Wednesday;;;;;;Tuesday;;;;;Monday;;;;Yes, I do;[Some text];Yes
01/01/2022;mentee150@mail.com;mentor150;tor;09/10/2008;GMT +8:45;https://www.instagram.com/andreparedes06/;9129200536;Male;Somewhere, Else;Not, Important;Yes;bot;ohn McCarthy;Instagram;[Some text];[Some text];[Some text];Language certificate;Language certificate;;Self learning;Language certificate;;Language certificate;Native Speaker;Language certificate;Self learning;Self learning;[Some text];No;[Some text];[Some text];[Some link];Friday;;;;Friday;;Wednesday;;;Wednesday;;;;;Tuesday;;;;;;;;Friday;;;;;;;Sunday;;Sunday;;Yes, I do;[Some text];Yes
